episode,training_return,training_steps,epsilon,eval_mean_return,eval_mean_steps,eval_success_rate
1,-216.0,100,1.0,-480.0,100.0,0.0
2,-84.0,60,0.995,,,
3,-79.0,79,0.990025,,,
4,-210.0,100,0.985074875,,,
5,-240.0,100,0.9801495006250001,,,
6,-318.0,100,0.9752487531218751,,,
7,-252.0,100,0.9703725093562657,,,
8,-119.0,67,0.9655206468094844,,,
9,-76.0,88,0.960693043575437,,,
10,-172.0,100,0.9558895783575597,,,
11,-286.0,100,0.9511101304657719,,,
12,-181.0,85,0.946354579813443,,,
13,-115.0,81,0.9416228069143757,,,
14,-222.0,100,0.9369146928798039,,,
15,35.0,21,0.9322301194154049,,,
16,-17.0,45,0.9275689688183278,,,
17,-300.0,100,0.9229311239742362,,,
18,-246.0,86,0.918316468354365,,,
19,-38.0,50,0.9137248860125932,,,
20,-2.0,38,0.9091562615825302,,,
21,-232.0,100,0.9046104802746175,,,
22,-154.0,98,0.9000874278732445,,,
23,-135.0,99,0.8955869907338783,,,
24,-210.0,100,0.8911090557802088,,,
25,-208.0,100,0.8866535105013078,,,
26,-125.0,77,0.8822202429488013,,,
27,-160.0,100,0.8778091417340573,,,
28,-130.0,92,0.8734200960253871,,,
29,-5.0,37,0.8690529955452602,,,
30,-8.0,40,0.8647077305675338,,,
31,-234.0,80,0.8603841919146962,,,
32,-164.0,100,0.8560822709551227,,,
33,8.0,34,0.851801859600347,,,
34,-158.0,86,0.8475428503023453,,,
35,-142.0,78,0.8433051360508336,,,
36,-1.0,43,0.8390886103705794,,,
37,-174.0,100,0.8348931673187264,,,
38,-56.0,40,0.8307187014821328,,,
39,-80.0,58,0.8265651079747222,,,
40,13.0,31,0.8224322824348486,,,
41,-122.0,74,0.8183201210226743,,,
42,-115.0,59,0.8142285204175609,,,
43,-68.0,42,0.810157377815473,,,
44,-97.0,77,0.8061065909263957,,,
45,6.0,22,0.8020760579717637,,,
46,-176.0,100,0.798065677681905,,,
47,-89.0,59,0.7940753492934954,,,
48,-176.0,100,0.7901049725470279,,,
49,-15.0,33,0.7861544476842928,,,
50,-24.0,10,0.7822236754458713,50.0,10.0,1.0
51,19.0,27,0.778312557068642,,,
52,22.0,26,0.7744209942832988,,,
53,2.0,42,0.7705488893118823,,,
54,-22.0,46,0.7666961448653229,,,
55,-5.0,35,0.7628626641409962,,,
56,-51.0,57,0.7590483508202912,,,
57,-46.0,32,0.7552531090661897,,,
58,-171.0,81,0.7514768435208588,,,
59,0.0,36,0.7477194593032545,,,
60,24.0,28,0.7439808620067382,,,
61,38.0,14,0.7402609576967045,,,
62,-57.0,59,0.736559652908221,,,
63,5.0,39,0.7328768546436799,,,
64,-12.0,26,0.7292124703704616,,,
65,0.0,28,0.7255664080186093,,,
66,-38.0,62,0.7219385759785162,,,
67,-1.0,49,0.7183288830986236,,,
68,39.0,21,0.7147372386831305,,,
69,8.0,40,0.7111635524897149,,,
70,15.0,37,0.7076077347272662,,,
71,31.0,21,0.7040696960536299,,,
72,10.0,28,0.7005493475733617,,,
73,16.0,26,0.697046600835495,,,
74,-64.0,62,0.6935613678313175,,,
75,-35.0,49,0.6900935609921609,,,
76,22.0,26,0.6866430931872001,,,
77,20.0,22,0.6832098777212641,,,
78,-67.0,47,0.6797938283326578,,,
79,30.0,26,0.6763948591909945,,,
80,23.0,21,0.6730128848950395,,,
81,12.0,34,0.6696478204705644,,,
82,33.0,27,0.6662995813682115,,,
83,2.0,28,0.6629680834613705,,,
84,22.0,26,0.6596532430440636,,,
85,39.0,17,0.6563549768288433,,,
86,-46.0,46,0.653073201944699,,,
87,13.0,31,0.6498078359349755,,,
88,4.0,48,0.6465587967553006,,,
89,27.0,25,0.6433260027715241,,,
90,32.0,14,0.6401093727576664,,,
91,14.0,30,0.6369088258938781,,,
92,3.0,39,0.6337242817644086,,,
93,9.0,27,0.6305556603555866,,,
94,37.0,13,0.6274028820538087,,,
95,12.0,36,0.6242658676435396,,,
96,-40.0,48,0.6211445383053219,,,
97,13.0,25,0.6180388156137953,,,
98,-14.0,30,0.6149486215357263,,,
99,17.0,25,0.6118738784280476,,,
100,20.0,10,0.6088145090359074,50.0,10.0,1.0
101,8.0,28,0.6057704364907278,,,
102,39.0,17,0.6027415843082742,,,
103,9.0,19,0.5997278763867329,,,
104,23.0,15,0.5967292370047992,,,
105,30.0,26,0.5937455908197752,,,
106,13.0,27,0.5907768628656763,,,
107,14.0,24,0.5878229785513479,,,
108,-34.0,42,0.5848838636585911,,,
109,3.0,25,0.5819594443402982,,,
110,9.0,37,0.5790496471185967,,,
111,34.0,22,0.5761543988830038,,,
112,38.0,14,0.5732736268885887,,,
113,25.0,17,0.5704072587541458,,,
114,43.0,17,0.567555222460375,,,
115,6.0,28,0.5647174463480732,,,
116,-71.0,55,0.5618938591163328,,,
117,32.0,20,0.5590843898207511,,,
118,24.0,24,0.5562889678716474,,,
119,-34.0,36,0.5535075230322891,,,
120,39.0,17,0.5507399854171277,,,
121,17.0,25,0.547986285490042,,,
122,31.0,15,0.5452463540625918,,,
123,24.0,16,0.5425201222922789,,,
124,35.0,21,0.5398075216808175,,,
125,38.0,18,0.5371084840724134,,,
126,36.0,20,0.5344229416520513,,,
127,0.0,34,0.531750826943791,,,
128,39.0,17,0.5290920728090721,,,
129,45.0,11,0.5264466124450268,,,
130,22.0,24,0.5238143793828016,,,
131,44.0,16,0.5211953074858876,,,
132,36.0,16,0.5185893309484582,,,
133,16.0,16,0.5159963842937159,,,
134,42.0,14,0.5134164023722473,,,
135,44.0,12,0.510849320360386,,,
136,15.0,17,0.5082950737585841,,,
137,-1.0,31,0.5057535983897912,,,
138,37.0,15,0.5032248303978422,,,
139,18.0,18,0.500708706245853,,,
140,32.0,14,0.4982051627146237,,,
141,45.0,15,0.49571413690105054,,,
142,30.0,18,0.4932355662165453,,,
143,30.0,20,0.4907693883854626,,,
144,33.0,19,0.4883155414435353,,,
145,45.0,15,0.4858739637363176,,,
146,40.0,12,0.483444593917636,,,
147,41.0,15,0.4810273709480478,,,
148,39.0,13,0.47862223409330756,,,
149,45.0,15,0.47622912292284103,,,
150,24.0,10,0.4738479773082268,50.0,10.0,1.0
151,43.0,13,0.47147873742168567,,,
152,44.0,16,0.46912134373457726,,,
153,25.0,31,0.46677573701590436,,,
154,41.0,15,0.46444185833082485,,,
155,25.0,15,0.46211964903917074,,,
156,35.0,15,0.4598090507939749,,,
157,39.0,17,0.457510005540005,,,
158,35.0,17,0.45522245551230495,,,
159,16.0,28,0.4529463432347434,,,
160,30.0,18,0.4506816115185697,,,
161,32.0,24,0.4484282034609769,,,
162,20.0,20,0.446186062443672,,,
163,19.0,21,0.4439551321314536,,,
164,45.0,15,0.4417353564707963,,,
165,40.0,16,0.43952667968844233,,,
166,31.0,17,0.43732904629000013,,,
167,3.0,27,0.4351424010585501,,,
168,9.0,23,0.43296668905325736,,,
169,50.0,10,0.43080185560799106,,,
170,45.0,11,0.4286478463299511,,,
171,-18.0,22,0.42650460709830135,,,
172,32.0,24,0.42437208406280985,,,
173,30.0,18,0.4222502236424958,,,
174,43.0,13,0.42013897252428334,,,
175,43.0,13,0.4180382776616619,,,
176,33.0,23,0.4159480862733536,,,
177,39.0,17,0.41386834584198684,,,
178,46.0,14,0.4117990041127769,,,
179,16.0,30,0.40974000909221303,,,
180,41.0,19,0.40769130904675194,,,
181,38.0,18,0.40565285250151817,,,
182,34.0,16,0.4036245882390106,,,
183,37.0,19,0.4016064652978155,,,
184,45.0,15,0.3995984329713264,,,
185,41.0,15,0.3976004408064698,,,
186,39.0,17,0.39561243860243744,,,
187,39.0,21,0.3936343764094253,,,
188,50.0,10,0.39166620452737816,,,
189,43.0,13,0.3897078735047413,,,
190,25.0,17,0.3877593341372176,,,
191,44.0,12,0.3858205374665315,,,
192,24.0,22,0.38389143477919885,,,
193,42.0,14,0.3819719776053028,,,
194,40.0,12,0.3800621177172763,,,
195,19.0,17,0.37816180712868996,,,
196,46.0,14,0.37627099809304654,,,
197,40.0,20,0.3743896431025813,,,
198,45.0,15,0.37251769488706843,,,
199,24.0,18,0.3706551064126331,,,
200,41.0,10,0.36880183088056995,50.0,10.0,1.0
201,43.0,13,0.3669578217261671,,,
202,42.0,14,0.36512303261753626,,,
203,33.0,15,0.3632974174544486,,,
204,41.0,15,0.3614809303671764,,,
205,49.0,11,0.3596735257153405,,,
206,43.0,13,0.3578751580867638,,,
207,43.0,17,0.35608578229633,,,
208,28.0,14,0.3543053533848483,,,
209,38.0,14,0.35253382661792404,,,
210,49.0,11,0.3507711574848344,,,
211,49.0,11,0.34901730169741024,,,
212,49.0,11,0.3472722151889232,,,
213,50.0,10,0.3455358541129786,,,
214,48.0,12,0.3438081748424137,,,
215,12.0,18,0.3420891339682016,,,
216,13.0,19,0.3403786882983606,,,
217,48.0,12,0.3386767948568688,,,
218,44.0,12,0.33698341088258443,,,
219,31.0,25,0.3352984938281715,,,
220,27.0,19,0.33362200135903064,,,
221,43.0,13,0.33195389135223546,,,
222,36.0,16,0.3302941218954743,,,
223,17.0,21,0.32864265128599696,,,
224,48.0,12,0.326999438029567,,,
225,36.0,20,0.3253644408394192,,,
226,45.0,15,0.3237376186352221,,,
227,50.0,10,0.322118930542046,,,
228,46.0,14,0.32050833588933575,,,
229,46.0,14,0.31890579420988907,,,
230,34.0,16,0.3173112652388396,,,
231,48.0,12,0.3157247089126454,,,
232,50.0,10,0.3141460853680822,,,
233,30.0,18,0.3125753549412418,,,
234,46.0,14,0.31101247816653554,,,
235,47.0,13,0.30945741577570285,,,
236,26.0,16,0.3079101286968243,,,
237,41.0,15,0.3063705780533402,,,
238,42.0,14,0.30483872516307353,,,
239,45.0,11,0.3033145315372582,,,
240,40.0,16,0.3017979588795719,,,
241,42.0,14,0.30028896908517405,,,
242,38.0,14,0.2987875242397482,,,
243,33.0,13,0.29729358661854943,,,
244,47.0,13,0.29580711868545667,,,
245,43.0,13,0.2943280830920294,,,
246,49.0,11,0.29285644267656924,,,
247,42.0,18,0.2913921604631864,,,
248,49.0,11,0.28993519966087045,,,
249,48.0,12,0.2884855236625661,,,
250,49.0,10,0.28704309604425327,50.0,10.0,1.0
251,35.0,13,0.285607880564032,,,
252,44.0,12,0.28417984116121187,,,
253,50.0,10,0.2827589419554058,,,
254,50.0,10,0.28134514724562876,,,
255,40.0,16,0.2799384215094006,,,
256,11.0,17,0.27853872940185365,,,
257,46.0,14,0.27714603575484437,,,
258,48.0,12,0.2757603055760701,,,
259,24.0,20,0.2743815040481898,,,
260,46.0,14,0.2730095965279488,,,
261,44.0,12,0.27164454854530906,,,
262,33.0,23,0.2702863258025825,,,
263,39.0,17,0.2689348941735696,,,
264,49.0,11,0.26759021970270175,,,
265,49.0,11,0.2662522686041882,,,
266,38.0,18,0.2649210072611673,,,
267,48.0,12,0.26359640222486147,,,
268,23.0,13,0.26227842021373715,,,
269,38.0,12,0.2609670281126685,,,
270,46.0,14,0.25966219297210513,,,
271,50.0,10,0.2583638820072446,,,
272,44.0,16,0.2570720625972084,,,
273,44.0,16,0.25578670228422234,,,
274,29.0,19,0.25450776877280124,,,
275,43.0,17,0.2532352299289372,,,
276,45.0,15,0.2519690537792925,,,
277,50.0,10,0.2507092085103961,,,
278,43.0,13,0.2494556624678441,,,
279,50.0,10,0.24820838415550486,,,
280,49.0,11,0.24696734223472733,,,
281,13.0,17,0.2457325055235537,,,
282,34.0,16,0.24450384299593592,,,
283,41.0,15,0.24328132378095624,,,
284,37.0,13,0.24206491716205145,,,
285,40.0,16,0.2408545925762412,,,
286,43.0,13,0.23965031961336,,,
287,42.0,18,0.2384520680152932,,,
288,50.0,10,0.23725980767521673,,,
289,41.0,15,0.23607350863684065,,,
290,31.0,19,0.23489314109365644,,,
291,42.0,18,0.23371867538818816,,,
292,40.0,12,0.23255008201124722,,,
293,43.0,17,0.231387331601191,,,
294,48.0,12,0.23023039494318503,,,
295,50.0,10,0.2290792429684691,,,
296,50.0,10,0.22793384675362674,,,
297,48.0,12,0.22679417751985861,,,
298,47.0,13,0.22566020663225933,,,
299,48.0,12,0.22453190559909803,,,
300,50.0,10,0.22340924607110255,50.0,10.0,1.0
301,44.0,12,0.22229219984074702,,,
302,48.0,12,0.2211807388415433,,,
303,49.0,11,0.22007483514733558,,,
304,46.0,14,0.2189744609715989,,,
305,49.0,11,0.2178795886667409,,,
306,43.0,13,0.2167901907234072,,,
307,37.0,13,0.21570623976979014,,,
308,45.0,11,0.21462770857094118,,,
309,32.0,14,0.21355457002808648,,,
310,50.0,10,0.21248679717794605,,,
311,45.0,15,0.21142436319205632,,,
312,50.0,10,0.21036724137609603,,,
313,38.0,14,0.20931540516921554,,,
314,44.0,12,0.20826882814336947,,,
315,40.0,10,0.20722748400265262,,,
316,50.0,10,0.20619134658263935,,,
317,45.0,11,0.20516038984972615,,,
318,49.0,11,0.2041345879004775,,,
319,50.0,10,0.2031139149609751,,,
320,50.0,10,0.20209834538617025,,,
321,49.0,11,0.2010878536592394,,,
322,50.0,10,0.2000824143909432,,,
323,48.0,12,0.19908200231898848,,,
324,45.0,11,0.19808659230739353,,,
325,38.0,12,0.19709615934585656,,,
326,35.0,17,0.19611067854912728,,,
327,49.0,11,0.19513012515638165,,,
328,48.0,12,0.19415447453059972,,,
329,50.0,10,0.19318370215794672,,,
330,40.0,16,0.192217783647157,,,
331,38.0,12,0.1912566947289212,,,
332,42.0,18,0.1903004112552766,,,
333,45.0,11,0.18934890919900021,,,
334,39.0,17,0.18840216465300522,,,
335,26.0,16,0.18746015382974018,,,
336,45.0,11,0.1865228530605915,,,
337,45.0,11,0.18559023879528855,,,
338,48.0,12,0.1846622876013121,,,
339,49.0,11,0.18373897616330553,,,
340,45.0,11,0.182820281282489,,,
341,31.0,17,0.18190617987607657,,,
342,47.0,13,0.18099664897669618,,,
343,35.0,17,0.1800916657318127,,,
344,43.0,13,0.17919120740315364,,,
345,49.0,11,0.17829525136613786,,,
346,50.0,10,0.17740377510930716,,,
347,41.0,15,0.17651675623376062,,,
348,50.0,10,0.1756341724525918,,,
349,44.0,12,0.17475600159032884,,,
350,46.0,10,0.17388222158237718,50.0,10.0,1.0
351,48.0,12,0.1730128104744653,,,
352,45.0,11,0.17214774642209296,,,
353,41.0,15,0.1712870076899825,,,
354,50.0,10,0.17043057265153258,,,
355,50.0,10,0.16957841978827493,,,
356,46.0,14,0.16873052768933355,,,
357,50.0,10,0.1678868750508869,,,
358,45.0,11,0.16704744067563246,,,
359,48.0,12,0.1662122034722543,,,
360,45.0,11,0.16538114245489302,,,
361,50.0,10,0.16455423674261854,,,
362,50.0,10,0.16373146555890544,,,
363,24.0,18,0.16291280823111093,,,
364,48.0,12,0.16209824418995536,,,
365,46.0,14,0.16128775296900558,,,
366,50.0,10,0.16048131420416054,,,
367,43.0,13,0.15967890763313974,,,
368,49.0,11,0.15888051309497406,,,
369,50.0,10,0.1580861105294992,,,
370,48.0,12,0.1572956799768517,,,
371,49.0,11,0.15650920157696743,,,
372,48.0,12,0.1557266555690826,,,
373,45.0,11,0.1549480222912372,,,
374,45.0,11,0.15417328217978102,,,
375,46.0,14,0.1534024157688821,,,
376,50.0,10,0.1526354036900377,,,
377,42.0,14,0.1518722266715875,,,
378,50.0,10,0.15111286553822956,,,
379,47.0,13,0.15035730121053842,,,
380,45.0,11,0.14960551470448571,,,
381,50.0,10,0.14885748713096328,,,
382,50.0,10,0.14811319969530845,,,
383,50.0,10,0.1473726336968319,,,
384,43.0,13,0.14663577052834775,,,
385,35.0,13,0.14590259167570602,,,
386,50.0,10,0.1451730787173275,,,
387,50.0,10,0.14444721332374086,,,
388,50.0,10,0.14372497725712216,,,
389,50.0,10,0.14300635237083656,,,
390,45.0,11,0.14229132060898236,,,
391,50.0,10,0.14157986400593744,,,
392,35.0,21,0.14087196468590776,,,
393,48.0,12,0.14016760486247823,,,
394,50.0,10,0.13946676683816583,,,
395,44.0,16,0.138769433003975,,,
396,46.0,14,0.13807558583895513,,,
397,50.0,10,0.13738520790976036,,,
398,47.0,13,0.13669828187021155,,,
399,45.0,11,0.13601479046086049,,,
400,44.0,10,0.1353347165085562,50.0,10.0,1.0
401,49.0,11,0.1346580429260134,,,
402,45.0,11,0.13398475271138335,,,
403,50.0,10,0.13331482894782642,,,
404,50.0,10,0.13264825480308728,,,
405,50.0,10,0.13198501352907185,,,
406,49.0,11,0.1313250884614265,,,
407,50.0,10,0.13066846301911936,,,
408,43.0,13,0.13001512070402377,,,
409,46.0,14,0.12936504510050365,,,
410,44.0,12,0.12871821987500112,,,
411,45.0,11,0.12807462877562611,,,
412,50.0,10,0.12743425563174798,,,
413,40.0,10,0.12679708435358925,,,
414,50.0,10,0.1261630989318213,,,
415,50.0,10,0.1255322834371622,,,
416,50.0,10,0.12490462201997637,,,
417,50.0,10,0.1242800989098765,,,
418,40.0,12,0.12365869841532712,,,
419,50.0,10,0.12304040492325048,,,
420,50.0,10,0.12242520289863423,,,
421,50.0,10,0.12181307688414106,,,
422,43.0,13,0.12120401149972035,,,
423,48.0,12,0.12059799144222175,,,
424,42.0,14,0.11999500148501063,,,
425,48.0,12,0.11939502647758558,,,
426,45.0,11,0.11879805134519765,,,
427,48.0,12,0.11820406108847166,,,
428,50.0,10,0.1176130407830293,,,
429,50.0,10,0.11702497557911415,,,
430,50.0,10,0.11643985070121858,,,
431,48.0,12,0.11585765144771248,,,
432,45.0,15,0.11527836319047392,,,
433,44.0,12,0.11470197137452155,,,
434,49.0,11,0.11412846151764894,,,
435,50.0,10,0.1135578192100607,,,
436,48.0,12,0.11299003011401039,,,
437,50.0,10,0.11242507996344034,,,
438,49.0,11,0.11186295456362313,,,
439,48.0,12,0.11130363979080501,,,
440,50.0,10,0.11074712159185099,,,
441,50.0,10,0.11019338598389174,,,
442,49.0,11,0.10964241905397228,,,
443,49.0,11,0.10909420695870241,,,
444,43.0,13,0.1085487359239089,,,
445,46.0,14,0.10800599224428936,,,
446,49.0,11,0.10746596228306791,,,
447,50.0,10,0.10692863247165257,,,
448,50.0,10,0.1063939893092943,,,
449,49.0,11,0.10586201936274783,,,
450,50.0,10,0.10533270926593409,50.0,10.0,1.0
451,48.0,12,0.10480604571960442,,,
452,49.0,11,0.1042820154910064,,,
453,46.0,14,0.10376060541355137,,,
454,48.0,12,0.1032418023864836,,,
455,50.0,10,0.10272559337455119,,,
456,46.0,14,0.10221196540767843,,,
457,50.0,10,0.10170090558064004,,,
458,45.0,11,0.10119240105273684,,,
459,33.0,13,0.10068643904747315,,,
460,50.0,10,0.10018300685223579,,,
461,50.0,10,0.0996820918179746,,,
462,50.0,10,0.09918368135888474,,,
463,50.0,10,0.09868776295209031,,,
464,47.0,13,0.09819432413732986,,,
465,43.0,13,0.09770335251664321,,,
466,50.0,10,0.09721483575406,,,
467,50.0,10,0.09672876157528969,,,
468,50.0,10,0.09624511776741324,,,
469,48.0,12,0.09576389217857617,,,
470,50.0,10,0.09528507271768329,,,
471,50.0,10,0.09480864735409487,,,
472,48.0,12,0.0943346041173244,,,
473,45.0,11,0.09386293109673778,,,
474,50.0,10,0.09339361644125409,,,
475,45.0,15,0.09292664835904782,,,
476,45.0,11,0.09246201511725258,,,
477,50.0,10,0.09199970504166631,,,
478,50.0,10,0.09153970651645797,,,
479,45.0,11,0.09108200798387568,,,
480,50.0,10,0.0906265979439563,,,
481,44.0,12,0.09017346495423652,,,
482,50.0,10,0.08972259762946533,,,
483,50.0,10,0.089273984641318,,,
484,50.0,10,0.0888276147181114,,,
485,50.0,10,0.08838347664452084,,,
486,50.0,10,0.08794155926129824,,,
487,49.0,11,0.08750185146499175,,,
488,45.0,11,0.08706434220766679,,,
489,46.0,14,0.08662902049662846,,,
490,50.0,10,0.08619587539414532,,,
491,50.0,10,0.08576489601717459,,,
492,50.0,10,0.08533607153708872,,,
493,45.0,11,0.08490939117940327,,,
494,49.0,11,0.08448484422350626,,,
495,50.0,10,0.08406242000238873,,,
496,50.0,10,0.08364210790237678,,,
497,47.0,13,0.0832238973628649,,,
498,50.0,10,0.08280777787605056,,,
499,50.0,10,0.08239373898667031,,,
500,50.0,10,0.08198177029173696,50.0,10.0,1.0
501,48.0,12,0.08157186144027828,,,
502,45.0,11,0.0811640021330769,,,
503,50.0,10,0.08075818212241151,,,
504,50.0,10,0.08035439121179945,,,
505,49.0,11,0.07995261925574046,,,
506,50.0,10,0.07955285615946175,,,
507,50.0,10,0.07915509187866444,,,
508,50.0,10,0.07875931641927113,,,
509,50.0,10,0.07836551983717477,,,
510,50.0,10,0.07797369223798889,,,
511,50.0,10,0.07758382377679894,,,
512,50.0,10,0.07719590465791494,,,
513,50.0,10,0.07680992513462537,,,
514,45.0,11,0.07642587550895225,,,
515,50.0,10,0.07604374613140748,,,
516,45.0,11,0.07566352740075044,,,
517,49.0,11,0.07528520976374668,,,
518,50.0,10,0.07490878371492794,,,
519,49.0,11,0.0745342397963533,,,
520,50.0,10,0.07416156859737154,,,
521,50.0,10,0.07379076075438468,,,
522,50.0,10,0.07342180695061275,,,
523,45.0,11,0.07305469791585968,,,
524,40.0,10,0.07268942442628039,,,
525,46.0,14,0.07232597730414898,,,
526,50.0,10,0.07196434741762824,,,
527,50.0,10,0.0716045256805401,,,
528,50.0,10,0.0712465030521374,,,
529,50.0,10,0.0708902705368767,,,
530,50.0,10,0.07053581918419231,,,
531,49.0,11,0.07018314008827135,,,
532,50.0,10,0.06983222438783,,,
533,50.0,10,0.06948306326589085,,,
534,48.0,12,0.0691356479495614,,,
535,50.0,10,0.06878996970981359,,,
536,48.0,12,0.06844601986126451,,,
537,50.0,10,0.06810378976195819,,,
538,50.0,10,0.0677632708131484,,,
539,50.0,10,0.06742445445908266,,,
540,50.0,10,0.06708733218678724,,,
541,50.0,10,0.0667518955258533,,,
542,50.0,10,0.06641813604822402,,,
543,50.0,10,0.0660860453679829,,,
544,50.0,10,0.06575561514114299,,,
545,46.0,14,0.06542683706543727,,,
546,45.0,11,0.06509970288011008,,,
547,50.0,10,0.06477420436570952,,,
548,50.0,10,0.06445033334388098,,,
549,50.0,10,0.06412808167716157,,,
550,50.0,10,0.06380744126877576,50.0,10.0,1.0
551,44.0,12,0.06348840406243188,,,
552,40.0,12,0.06317096204211972,,,
553,50.0,10,0.06285510723190912,,,
554,44.0,12,0.06254083169574957,,,
555,48.0,12,0.062228127537270826,,,
556,50.0,10,0.06191698689958447,,,
557,50.0,10,0.061607401965086545,,,
558,49.0,11,0.06129936495526111,,,
559,50.0,10,0.0609928681304848,,,
560,47.0,13,0.060687903789832374,,,
561,50.0,10,0.06038446427088321,,,
562,50.0,10,0.06008254194952879,,,
563,50.0,10,0.05978212923978115,,,
564,50.0,10,0.05948321859358224,,,
565,50.0,10,0.05918580250061433,,,
566,50.0,10,0.058889873488111255,,,
567,50.0,10,0.058595424120670696,,,
568,50.0,10,0.05830244700006734,,,
569,49.0,11,0.058010934765067,,,
570,50.0,10,0.05772088009124167,,,
571,50.0,10,0.05743227569078546,,,
572,50.0,10,0.05714511431233153,,,
573,49.0,11,0.05685938874076987,,,
574,50.0,10,0.056575091797066025,,,
575,50.0,10,0.056292216338080694,,,
576,50.0,10,0.05601075525639029,,,
577,50.0,10,0.05573070148010834,,,
578,49.0,11,0.0554520479727078,,,
579,50.0,10,0.05517478773284426,,,
580,47.0,13,0.05489891379418004,,,
581,50.0,10,0.05462441922520914,,,
582,50.0,10,0.0543512971290831,,,
583,50.0,10,0.05407954064343768,,,
584,43.0,13,0.05380914294022049,,,
585,50.0,10,0.05354009722551939,,,
586,45.0,11,0.05327239673939179,,,
587,50.0,10,0.053006034755694834,,,
588,50.0,10,0.052741004581916356,,,
589,50.0,10,0.052477299559006776,,,
590,50.0,10,0.052214913061211746,,,
591,45.0,11,0.05195383849590569,,,
592,50.0,10,0.05169406930342616,,,
593,50.0,10,0.05143559895690903,,,
594,50.0,10,0.051178420962124486,,,
595,50.0,10,0.05092252885731386,,,
596,50.0,10,0.05066791621302729,,,
597,50.0,10,0.05041457663196215,,,
598,45.0,11,0.050162503748802344,,,
599,50.0,10,0.05,,,
600,50.0,10,0.05,50.0,10.0,1.0
601,50.0,10,0.05,,,
602,49.0,11,0.05,,,
603,50.0,10,0.05,,,
604,50.0,10,0.05,,,
605,50.0,10,0.05,,,
606,50.0,10,0.05,,,
607,50.0,10,0.05,,,
608,50.0,10,0.05,,,
609,49.0,11,0.05,,,
610,48.0,12,0.05,,,
611,50.0,10,0.05,,,
612,50.0,10,0.05,,,
613,45.0,11,0.05,,,
614,49.0,11,0.05,,,
615,49.0,11,0.05,,,
616,50.0,10,0.05,,,
617,50.0,10,0.05,,,
618,50.0,10,0.05,,,
619,50.0,10,0.05,,,
620,48.0,12,0.05,,,
621,50.0,10,0.05,,,
622,45.0,11,0.05,,,
623,45.0,11,0.05,,,
624,50.0,10,0.05,,,
625,48.0,12,0.05,,,
626,48.0,12,0.05,,,
627,50.0,10,0.05,,,
628,50.0,10,0.05,,,
629,50.0,10,0.05,,,
630,50.0,10,0.05,,,
631,36.0,14,0.05,,,
632,50.0,10,0.05,,,
633,48.0,12,0.05,,,
634,50.0,10,0.05,,,
635,48.0,12,0.05,,,
636,50.0,10,0.05,,,
637,45.0,11,0.05,,,
638,50.0,10,0.05,,,
639,50.0,10,0.05,,,
640,50.0,10,0.05,,,
641,50.0,10,0.05,,,
642,50.0,10,0.05,,,
643,50.0,10,0.05,,,
644,50.0,10,0.05,,,
645,48.0,12,0.05,,,
646,50.0,10,0.05,,,
647,50.0,10,0.05,,,
648,50.0,10,0.05,,,
649,45.0,11,0.05,,,
650,50.0,10,0.05,50.0,10.0,1.0
651,45.0,11,0.05,,,
652,50.0,10,0.05,,,
653,50.0,10,0.05,,,
654,49.0,11,0.05,,,
655,50.0,10,0.05,,,
656,50.0,10,0.05,,,
657,50.0,10,0.05,,,
658,50.0,10,0.05,,,
659,50.0,10,0.05,,,
660,50.0,10,0.05,,,
661,50.0,10,0.05,,,
662,48.0,12,0.05,,,
663,48.0,12,0.05,,,
664,50.0,10,0.05,,,
665,50.0,10,0.05,,,
666,50.0,10,0.05,,,
667,50.0,10,0.05,,,
668,50.0,10,0.05,,,
669,48.0,12,0.05,,,
670,48.0,12,0.05,,,
671,50.0,10,0.05,,,
672,48.0,12,0.05,,,
673,50.0,10,0.05,,,
674,50.0,10,0.05,,,
675,48.0,12,0.05,,,
676,45.0,11,0.05,,,
677,50.0,10,0.05,,,
678,50.0,10,0.05,,,
679,50.0,10,0.05,,,
680,50.0,10,0.05,,,
681,50.0,10,0.05,,,
682,50.0,10,0.05,,,
683,48.0,12,0.05,,,
684,48.0,12,0.05,,,
685,50.0,10,0.05,,,
686,50.0,10,0.05,,,
687,50.0,10,0.05,,,
688,49.0,11,0.05,,,
689,50.0,10,0.05,,,
690,50.0,10,0.05,,,
691,50.0,10,0.05,,,
692,50.0,10,0.05,,,
693,50.0,10,0.05,,,
694,33.0,13,0.05,,,
695,45.0,11,0.05,,,
696,45.0,11,0.05,,,
697,49.0,11,0.05,,,
698,38.0,12,0.05,,,
699,50.0,10,0.05,,,
700,50.0,10,0.05,50.0,10.0,1.0
701,50.0,10,0.05,,,
702,50.0,10,0.05,,,
703,48.0,12,0.05,,,
704,50.0,10,0.05,,,
705,48.0,12,0.05,,,
706,50.0,10,0.05,,,
707,50.0,10,0.05,,,
708,50.0,10,0.05,,,
709,44.0,12,0.05,,,
710,50.0,10,0.05,,,
711,50.0,10,0.05,,,
712,50.0,10,0.05,,,
713,50.0,10,0.05,,,
714,50.0,10,0.05,,,
715,50.0,10,0.05,,,
716,50.0,10,0.05,,,
717,48.0,12,0.05,,,
718,50.0,10,0.05,,,
719,49.0,11,0.05,,,
720,50.0,10,0.05,,,
721,50.0,10,0.05,,,
722,49.0,11,0.05,,,
723,50.0,10,0.05,,,
724,50.0,10,0.05,,,
725,50.0,10,0.05,,,
726,50.0,10,0.05,,,
727,50.0,10,0.05,,,
728,49.0,11,0.05,,,
729,50.0,10,0.05,,,
730,50.0,10,0.05,,,
731,50.0,10,0.05,,,
732,50.0,10,0.05,,,
733,50.0,10,0.05,,,
734,50.0,10,0.05,,,
735,50.0,10,0.05,,,
736,50.0,10,0.05,,,
737,50.0,10,0.05,,,
738,50.0,10,0.05,,,
739,45.0,11,0.05,,,
740,50.0,10,0.05,,,
741,50.0,10,0.05,,,
742,50.0,10,0.05,,,
743,50.0,10,0.05,,,
744,50.0,10,0.05,,,
745,50.0,10,0.05,,,
746,50.0,10,0.05,,,
747,50.0,10,0.05,,,
748,50.0,10,0.05,,,
749,50.0,10,0.05,,,
750,45.0,10,0.05,50.0,10.0,1.0
751,45.0,11,0.05,,,
752,50.0,10,0.05,,,
753,50.0,10,0.05,,,
754,50.0,10,0.05,,,
755,48.0,12,0.05,,,
756,50.0,10,0.05,,,
757,50.0,10,0.05,,,
758,50.0,10,0.05,,,
759,50.0,10,0.05,,,
760,50.0,10,0.05,,,
761,50.0,10,0.05,,,
762,48.0,12,0.05,,,
763,50.0,10,0.05,,,
764,50.0,10,0.05,,,
765,48.0,12,0.05,,,
766,50.0,10,0.05,,,
767,50.0,10,0.05,,,
768,50.0,10,0.05,,,
769,50.0,10,0.05,,,
770,50.0,10,0.05,,,
771,47.0,13,0.05,,,
772,50.0,10,0.05,,,
773,48.0,12,0.05,,,
774,48.0,12,0.05,,,
775,50.0,10,0.05,,,
776,49.0,11,0.05,,,
777,50.0,10,0.05,,,
778,48.0,12,0.05,,,
779,48.0,12,0.05,,,
780,44.0,12,0.05,,,
781,47.0,13,0.05,,,
782,50.0,10,0.05,,,
783,50.0,10,0.05,,,
784,50.0,10,0.05,,,
785,50.0,10,0.05,,,
786,50.0,10,0.05,,,
787,28.0,12,0.05,,,
788,50.0,10,0.05,,,
789,50.0,10,0.05,,,
790,50.0,10,0.05,,,
791,50.0,10,0.05,,,
792,50.0,10,0.05,,,
793,50.0,10,0.05,,,
794,50.0,10,0.05,,,
795,48.0,12,0.05,,,
796,49.0,11,0.05,,,
797,50.0,10,0.05,,,
798,48.0,12,0.05,,,
799,48.0,12,0.05,,,
800,48.0,10,0.05,50.0,10.0,1.0
801,50.0,10,0.05,,,
802,50.0,10,0.05,,,
803,50.0,10,0.05,,,
804,49.0,11,0.05,,,
805,50.0,10,0.05,,,
806,50.0,10,0.05,,,
807,49.0,11,0.05,,,
808,50.0,10,0.05,,,
809,40.0,10,0.05,,,
810,50.0,10,0.05,,,
811,50.0,10,0.05,,,
812,50.0,10,0.05,,,
813,49.0,11,0.05,,,
814,50.0,10,0.05,,,
815,48.0,12,0.05,,,
816,50.0,10,0.05,,,
817,40.0,12,0.05,,,
818,50.0,10,0.05,,,
819,50.0,10,0.05,,,
820,50.0,10,0.05,,,
821,50.0,10,0.05,,,
822,50.0,10,0.05,,,
823,50.0,10,0.05,,,
824,50.0,10,0.05,,,
825,48.0,12,0.05,,,
826,50.0,10,0.05,,,
827,50.0,10,0.05,,,
828,50.0,10,0.05,,,
829,50.0,10,0.05,,,
830,50.0,10,0.05,,,
831,50.0,10,0.05,,,
832,50.0,10,0.05,,,
833,50.0,10,0.05,,,
834,50.0,10,0.05,,,
835,50.0,10,0.05,,,
836,49.0,11,0.05,,,
837,50.0,10,0.05,,,
838,40.0,10,0.05,,,
839,48.0,12,0.05,,,
840,48.0,12,0.05,,,
841,50.0,10,0.05,,,
842,50.0,10,0.05,,,
843,50.0,10,0.05,,,
844,50.0,10,0.05,,,
845,50.0,10,0.05,,,
846,50.0,10,0.05,,,
847,50.0,10,0.05,,,
848,50.0,10,0.05,,,
849,49.0,11,0.05,,,
850,50.0,10,0.05,50.0,10.0,1.0
851,48.0,12,0.05,,,
852,48.0,12,0.05,,,
853,45.0,11,0.05,,,
854,50.0,10,0.05,,,
855,50.0,10,0.05,,,
856,50.0,10,0.05,,,
857,50.0,10,0.05,,,
858,50.0,10,0.05,,,
859,50.0,10,0.05,,,
860,50.0,10,0.05,,,
861,50.0,10,0.05,,,
862,50.0,10,0.05,,,
863,50.0,10,0.05,,,
864,50.0,10,0.05,,,
865,50.0,10,0.05,,,
866,48.0,12,0.05,,,
867,50.0,10,0.05,,,
868,50.0,10,0.05,,,
869,50.0,10,0.05,,,
870,50.0,10,0.05,,,
871,50.0,10,0.05,,,
872,50.0,10,0.05,,,
873,50.0,10,0.05,,,
874,50.0,10,0.05,,,
875,43.0,13,0.05,,,
876,50.0,10,0.05,,,
877,48.0,12,0.05,,,
878,50.0,10,0.05,,,
879,50.0,10,0.05,,,
880,50.0,10,0.05,,,
881,48.0,12,0.05,,,
882,49.0,11,0.05,,,
883,50.0,10,0.05,,,
884,46.0,14,0.05,,,
885,50.0,10,0.05,,,
886,50.0,10,0.05,,,
887,50.0,10,0.05,,,
888,50.0,10,0.05,,,
889,50.0,10,0.05,,,
890,50.0,10,0.05,,,
891,50.0,10,0.05,,,
892,43.0,13,0.05,,,
893,50.0,10,0.05,,,
894,49.0,11,0.05,,,
895,50.0,10,0.05,,,
896,50.0,10,0.05,,,
897,46.0,14,0.05,,,
898,48.0,12,0.05,,,
899,50.0,10,0.05,,,
900,50.0,10,0.05,50.0,10.0,1.0
901,50.0,10,0.05,,,
902,50.0,10,0.05,,,
903,50.0,10,0.05,,,
904,50.0,10,0.05,,,
905,48.0,12,0.05,,,
906,50.0,10,0.05,,,
907,50.0,10,0.05,,,
908,50.0,10,0.05,,,
909,50.0,10,0.05,,,
910,50.0,10,0.05,,,
911,49.0,11,0.05,,,
912,40.0,12,0.05,,,
913,50.0,10,0.05,,,
914,48.0,12,0.05,,,
915,50.0,10,0.05,,,
916,50.0,10,0.05,,,
917,48.0,12,0.05,,,
918,50.0,10,0.05,,,
919,50.0,10,0.05,,,
920,45.0,11,0.05,,,
921,49.0,11,0.05,,,
922,50.0,10,0.05,,,
923,48.0,12,0.05,,,
924,50.0,10,0.05,,,
925,45.0,11,0.05,,,
926,50.0,10,0.05,,,
927,50.0,10,0.05,,,
928,50.0,10,0.05,,,
929,50.0,10,0.05,,,
930,50.0,10,0.05,,,
931,49.0,11,0.05,,,
932,48.0,12,0.05,,,
933,48.0,12,0.05,,,
934,50.0,10,0.05,,,
935,48.0,12,0.05,,,
936,50.0,10,0.05,,,
937,50.0,10,0.05,,,
938,50.0,10,0.05,,,
939,50.0,10,0.05,,,
940,45.0,11,0.05,,,
941,50.0,10,0.05,,,
942,50.0,10,0.05,,,
943,47.0,13,0.05,,,
944,49.0,11,0.05,,,
945,50.0,10,0.05,,,
946,50.0,10,0.05,,,
947,49.0,11,0.05,,,
948,50.0,10,0.05,,,
949,49.0,11,0.05,,,
950,49.0,10,0.05,50.0,10.0,1.0
951,40.0,10,0.05,,,
952,50.0,10,0.05,,,
953,46.0,14,0.05,,,
954,50.0,10,0.05,,,
955,50.0,10,0.05,,,
956,45.0,11,0.05,,,
957,50.0,10,0.05,,,
958,50.0,10,0.05,,,
959,50.0,10,0.05,,,
960,46.0,14,0.05,,,
961,50.0,10,0.05,,,
962,50.0,10,0.05,,,
963,50.0,10,0.05,,,
964,50.0,10,0.05,,,
965,48.0,12,0.05,,,
966,50.0,10,0.05,,,
967,50.0,10,0.05,,,
968,50.0,10,0.05,,,
969,50.0,10,0.05,,,
970,50.0,10,0.05,,,
971,50.0,10,0.05,,,
972,50.0,10,0.05,,,
973,50.0,10,0.05,,,
974,49.0,11,0.05,,,
975,50.0,10,0.05,,,
976,49.0,11,0.05,,,
977,50.0,10,0.05,,,
978,50.0,10,0.05,,,
979,48.0,12,0.05,,,
980,50.0,10,0.05,,,
981,49.0,11,0.05,,,
982,50.0,10,0.05,,,
983,50.0,10,0.05,,,
984,50.0,10,0.05,,,
985,50.0,10,0.05,,,
986,50.0,10,0.05,,,
987,50.0,10,0.05,,,
988,50.0,10,0.05,,,
989,50.0,10,0.05,,,
990,50.0,10,0.05,,,
991,50.0,10,0.05,,,
992,50.0,10,0.05,,,
993,48.0,12,0.05,,,
994,50.0,10,0.05,,,
995,50.0,10,0.05,,,
996,50.0,10,0.05,,,
997,50.0,10,0.05,,,
998,50.0,10,0.05,,,
999,50.0,10,0.05,,,
1000,50.0,10,0.05,50.0,10.0,1.0
1001,45.0,11,0.05,,,
1002,48.0,12,0.05,,,
1003,48.0,12,0.05,,,
1004,50.0,10,0.05,,,
1005,50.0,10,0.05,,,
1006,50.0,10,0.05,,,
1007,50.0,10,0.05,,,
1008,50.0,10,0.05,,,
1009,49.0,11,0.05,,,
1010,45.0,11,0.05,,,
1011,49.0,11,0.05,,,
1012,50.0,10,0.05,,,
1013,50.0,10,0.05,,,
1014,49.0,11,0.05,,,
1015,48.0,12,0.05,,,
1016,40.0,10,0.05,,,
1017,49.0,11,0.05,,,
1018,50.0,10,0.05,,,
1019,50.0,10,0.05,,,
1020,48.0,12,0.05,,,
1021,50.0,10,0.05,,,
1022,50.0,10,0.05,,,
1023,50.0,10,0.05,,,
1024,50.0,10,0.05,,,
1025,50.0,10,0.05,,,
1026,43.0,13,0.05,,,
1027,50.0,10,0.05,,,
1028,50.0,10,0.05,,,
1029,50.0,10,0.05,,,
1030,50.0,10,0.05,,,
1031,50.0,10,0.05,,,
1032,49.0,11,0.05,,,
1033,50.0,10,0.05,,,
1034,50.0,10,0.05,,,
1035,50.0,10,0.05,,,
1036,50.0,10,0.05,,,
1037,50.0,10,0.05,,,
1038,50.0,10,0.05,,,
1039,40.0,12,0.05,,,
1040,50.0,10,0.05,,,
1041,50.0,10,0.05,,,
1042,50.0,10,0.05,,,
1043,50.0,10,0.05,,,
1044,48.0,12,0.05,,,
1045,50.0,10,0.05,,,
1046,50.0,10,0.05,,,
1047,50.0,10,0.05,,,
1048,50.0,10,0.05,,,
1049,50.0,10,0.05,,,
1050,50.0,10,0.05,50.0,10.0,1.0
1051,50.0,10,0.05,,,
1052,49.0,11,0.05,,,
1053,49.0,11,0.05,,,
1054,46.0,14,0.05,,,
1055,50.0,10,0.05,,,
1056,48.0,12,0.05,,,
1057,45.0,11,0.05,,,
1058,50.0,10,0.05,,,
1059,50.0,10,0.05,,,
1060,49.0,11,0.05,,,
1061,50.0,10,0.05,,,
1062,50.0,10,0.05,,,
1063,48.0,12,0.05,,,
1064,50.0,10,0.05,,,
1065,43.0,13,0.05,,,
1066,50.0,10,0.05,,,
1067,50.0,10,0.05,,,
1068,50.0,10,0.05,,,
1069,50.0,10,0.05,,,
1070,47.0,13,0.05,,,
1071,48.0,12,0.05,,,
1072,50.0,10,0.05,,,
1073,50.0,10,0.05,,,
1074,50.0,10,0.05,,,
1075,50.0,10,0.05,,,
1076,50.0,10,0.05,,,
1077,50.0,10,0.05,,,
1078,48.0,12,0.05,,,
1079,50.0,10,0.05,,,
1080,50.0,10,0.05,,,
1081,50.0,10,0.05,,,
1082,50.0,10,0.05,,,
1083,36.0,14,0.05,,,
1084,48.0,12,0.05,,,
1085,50.0,10,0.05,,,
1086,50.0,10,0.05,,,
1087,50.0,10,0.05,,,
1088,50.0,10,0.05,,,
1089,48.0,12,0.05,,,
1090,50.0,10,0.05,,,
1091,50.0,10,0.05,,,
1092,50.0,10,0.05,,,
1093,50.0,10,0.05,,,
1094,50.0,10,0.05,,,
1095,38.0,12,0.05,,,
1096,50.0,10,0.05,,,
1097,40.0,10,0.05,,,
1098,50.0,10,0.05,,,
1099,48.0,12,0.05,,,
1100,49.0,10,0.05,50.0,10.0,1.0
1101,50.0,10,0.05,,,
1102,50.0,10,0.05,,,
1103,50.0,10,0.05,,,
1104,50.0,10,0.05,,,
1105,50.0,10,0.05,,,
1106,50.0,10,0.05,,,
1107,50.0,10,0.05,,,
1108,50.0,10,0.05,,,
1109,50.0,10,0.05,,,
1110,50.0,10,0.05,,,
1111,48.0,12,0.05,,,
1112,50.0,10,0.05,,,
1113,50.0,10,0.05,,,
1114,50.0,10,0.05,,,
1115,50.0,10,0.05,,,
1116,50.0,10,0.05,,,
1117,50.0,10,0.05,,,
1118,50.0,10,0.05,,,
1119,50.0,10,0.05,,,
1120,50.0,10,0.05,,,
1121,49.0,11,0.05,,,
1122,47.0,13,0.05,,,
1123,50.0,10,0.05,,,
1124,50.0,10,0.05,,,
1125,50.0,10,0.05,,,
1126,50.0,10,0.05,,,
1127,49.0,11,0.05,,,
1128,50.0,10,0.05,,,
1129,50.0,10,0.05,,,
1130,50.0,10,0.05,,,
1131,45.0,11,0.05,,,
1132,49.0,11,0.05,,,
1133,50.0,10,0.05,,,
1134,50.0,10,0.05,,,
1135,50.0,10,0.05,,,
1136,49.0,11,0.05,,,
1137,50.0,10,0.05,,,
1138,50.0,10,0.05,,,
1139,43.0,13,0.05,,,
1140,50.0,10,0.05,,,
1141,50.0,10,0.05,,,
1142,50.0,10,0.05,,,
1143,50.0,10,0.05,,,
1144,50.0,10,0.05,,,
1145,50.0,10,0.05,,,
1146,50.0,10,0.05,,,
1147,50.0,10,0.05,,,
1148,50.0,10,0.05,,,
1149,50.0,10,0.05,,,
1150,49.0,10,0.05,50.0,10.0,1.0
1151,50.0,10,0.05,,,
1152,50.0,10,0.05,,,
1153,50.0,10,0.05,,,
1154,50.0,10,0.05,,,
1155,45.0,11,0.05,,,
1156,50.0,10,0.05,,,
1157,50.0,10,0.05,,,
1158,50.0,10,0.05,,,
1159,50.0,10,0.05,,,
1160,50.0,10,0.05,,,
1161,50.0,10,0.05,,,
1162,50.0,10,0.05,,,
1163,50.0,10,0.05,,,
1164,50.0,10,0.05,,,
1165,50.0,10,0.05,,,
1166,50.0,10,0.05,,,
1167,49.0,11,0.05,,,
1168,49.0,11,0.05,,,
1169,49.0,11,0.05,,,
1170,48.0,12,0.05,,,
1171,50.0,10,0.05,,,
1172,50.0,10,0.05,,,
1173,50.0,10,0.05,,,
1174,50.0,10,0.05,,,
1175,50.0,10,0.05,,,
1176,50.0,10,0.05,,,
1177,50.0,10,0.05,,,
1178,50.0,10,0.05,,,
1179,47.0,13,0.05,,,
1180,50.0,10,0.05,,,
1181,50.0,10,0.05,,,
1182,50.0,10,0.05,,,
1183,50.0,10,0.05,,,
1184,50.0,10,0.05,,,
1185,50.0,10,0.05,,,
1186,50.0,10,0.05,,,
1187,48.0,12,0.05,,,
1188,50.0,10,0.05,,,
1189,45.0,11,0.05,,,
1190,50.0,10,0.05,,,
1191,48.0,12,0.05,,,
1192,48.0,12,0.05,,,
1193,50.0,10,0.05,,,
1194,50.0,10,0.05,,,
1195,50.0,10,0.05,,,
1196,50.0,10,0.05,,,
1197,50.0,10,0.05,,,
1198,50.0,10,0.05,,,
1199,50.0,10,0.05,,,
1200,49.0,10,0.05,50.0,10.0,1.0
1201,48.0,12,0.05,,,
1202,50.0,10,0.05,,,
1203,49.0,11,0.05,,,
1204,50.0,10,0.05,,,
1205,50.0,10,0.05,,,
1206,50.0,10,0.05,,,
1207,48.0,12,0.05,,,
1208,50.0,10,0.05,,,
1209,50.0,10,0.05,,,
1210,33.0,13,0.05,,,
1211,50.0,10,0.05,,,
1212,45.0,11,0.05,,,
1213,50.0,10,0.05,,,
1214,50.0,10,0.05,,,
1215,50.0,10,0.05,,,
1216,50.0,10,0.05,,,
1217,50.0,10,0.05,,,
1218,50.0,10,0.05,,,
1219,50.0,10,0.05,,,
1220,50.0,10,0.05,,,
1221,50.0,10,0.05,,,
1222,50.0,10,0.05,,,
1223,50.0,10,0.05,,,
1224,45.0,11,0.05,,,
1225,48.0,12,0.05,,,
1226,42.0,14,0.05,,,
1227,50.0,10,0.05,,,
1228,49.0,11,0.05,,,
1229,50.0,10,0.05,,,
1230,45.0,11,0.05,,,
1231,45.0,11,0.05,,,
1232,50.0,10,0.05,,,
1233,50.0,10,0.05,,,
1234,50.0,10,0.05,,,
1235,48.0,12,0.05,,,
1236,48.0,12,0.05,,,
1237,49.0,11,0.05,,,
1238,50.0,10,0.05,,,
1239,50.0,10,0.05,,,
1240,50.0,10,0.05,,,
1241,50.0,10,0.05,,,
1242,50.0,10,0.05,,,
1243,50.0,10,0.05,,,
1244,49.0,11,0.05,,,
1245,50.0,10,0.05,,,
1246,50.0,10,0.05,,,
1247,48.0,12,0.05,,,
1248,50.0,10,0.05,,,
1249,50.0,10,0.05,,,
1250,50.0,10,0.05,50.0,10.0,1.0
1251,49.0,11,0.05,,,
1252,50.0,10,0.05,,,
1253,50.0,10,0.05,,,
1254,50.0,10,0.05,,,
1255,50.0,10,0.05,,,
1256,50.0,10,0.05,,,
1257,50.0,10,0.05,,,
1258,48.0,12,0.05,,,
1259,46.0,14,0.05,,,
1260,50.0,10,0.05,,,
1261,50.0,10,0.05,,,
1262,50.0,10,0.05,,,
1263,40.0,10,0.05,,,
1264,50.0,10,0.05,,,
1265,50.0,10,0.05,,,
1266,50.0,10,0.05,,,
1267,50.0,10,0.05,,,
1268,49.0,11,0.05,,,
1269,50.0,10,0.05,,,
1270,50.0,10,0.05,,,
1271,48.0,12,0.05,,,
1272,46.0,14,0.05,,,
1273,50.0,10,0.05,,,
1274,50.0,10,0.05,,,
1275,50.0,10,0.05,,,
1276,49.0,11,0.05,,,
1277,50.0,10,0.05,,,
1278,45.0,11,0.05,,,
1279,50.0,10,0.05,,,
1280,45.0,11,0.05,,,
1281,50.0,10,0.05,,,
1282,50.0,10,0.05,,,
1283,50.0,10,0.05,,,
1284,50.0,10,0.05,,,
1285,50.0,10,0.05,,,
1286,50.0,10,0.05,,,
1287,50.0,10,0.05,,,
1288,48.0,12,0.05,,,
1289,48.0,12,0.05,,,
1290,50.0,10,0.05,,,
1291,50.0,10,0.05,,,
1292,50.0,10,0.05,,,
1293,48.0,12,0.05,,,
1294,50.0,10,0.05,,,
1295,48.0,12,0.05,,,
1296,45.0,11,0.05,,,
1297,50.0,10,0.05,,,
1298,50.0,10,0.05,,,
1299,50.0,10,0.05,,,
1300,50.0,10,0.05,50.0,10.0,1.0
1301,50.0,10,0.05,,,
1302,50.0,10,0.05,,,
1303,50.0,10,0.05,,,
1304,38.0,12,0.05,,,
1305,49.0,11,0.05,,,
1306,50.0,10,0.05,,,
1307,49.0,11,0.05,,,
1308,50.0,10,0.05,,,
1309,50.0,10,0.05,,,
1310,50.0,10,0.05,,,
1311,50.0,10,0.05,,,
1312,49.0,11,0.05,,,
1313,50.0,10,0.05,,,
1314,48.0,12,0.05,,,
1315,50.0,10,0.05,,,
1316,50.0,10,0.05,,,
1317,50.0,10,0.05,,,
1318,45.0,11,0.05,,,
1319,50.0,10,0.05,,,
1320,50.0,10,0.05,,,
1321,50.0,10,0.05,,,
1322,50.0,10,0.05,,,
1323,50.0,10,0.05,,,
1324,50.0,10,0.05,,,
1325,50.0,10,0.05,,,
1326,50.0,10,0.05,,,
1327,50.0,10,0.05,,,
1328,50.0,10,0.05,,,
1329,50.0,10,0.05,,,
1330,50.0,10,0.05,,,
1331,50.0,10,0.05,,,
1332,50.0,10,0.05,,,
1333,50.0,10,0.05,,,
1334,50.0,10,0.05,,,
1335,48.0,12,0.05,,,
1336,38.0,12,0.05,,,
1337,49.0,11,0.05,,,
1338,49.0,11,0.05,,,
1339,45.0,11,0.05,,,
1340,45.0,11,0.05,,,
1341,50.0,10,0.05,,,
1342,48.0,12,0.05,,,
1343,50.0,10,0.05,,,
1344,48.0,12,0.05,,,
1345,50.0,10,0.05,,,
1346,50.0,10,0.05,,,
1347,48.0,12,0.05,,,
1348,46.0,14,0.05,,,
1349,50.0,10,0.05,,,
1350,50.0,10,0.05,50.0,10.0,1.0
1351,50.0,10,0.05,,,
1352,48.0,12,0.05,,,
1353,50.0,10,0.05,,,
1354,47.0,13,0.05,,,
1355,50.0,10,0.05,,,
1356,50.0,10,0.05,,,
1357,50.0,10,0.05,,,
1358,50.0,10,0.05,,,
1359,50.0,10,0.05,,,
1360,45.0,11,0.05,,,
1361,50.0,10,0.05,,,
1362,50.0,10,0.05,,,
1363,43.0,13,0.05,,,
1364,50.0,10,0.05,,,
1365,50.0,10,0.05,,,
1366,49.0,11,0.05,,,
1367,50.0,10,0.05,,,
1368,50.0,10,0.05,,,
1369,50.0,10,0.05,,,
1370,50.0,10,0.05,,,
1371,50.0,10,0.05,,,
1372,45.0,11,0.05,,,
1373,50.0,10,0.05,,,
1374,50.0,10,0.05,,,
1375,50.0,10,0.05,,,
1376,50.0,10,0.05,,,
1377,50.0,10,0.05,,,
1378,50.0,10,0.05,,,
1379,50.0,10,0.05,,,
1380,48.0,12,0.05,,,
1381,50.0,10,0.05,,,
1382,40.0,10,0.05,,,
1383,38.0,12,0.05,,,
1384,50.0,10,0.05,,,
1385,50.0,10,0.05,,,
1386,50.0,10,0.05,,,
1387,48.0,12,0.05,,,
1388,48.0,12,0.05,,,
1389,50.0,10,0.05,,,
1390,50.0,10,0.05,,,
1391,50.0,10,0.05,,,
1392,50.0,10,0.05,,,
1393,50.0,10,0.05,,,
1394,50.0,10,0.05,,,
1395,50.0,10,0.05,,,
1396,50.0,10,0.05,,,
1397,48.0,12,0.05,,,
1398,48.0,12,0.05,,,
1399,50.0,10,0.05,,,
1400,49.0,10,0.05,50.0,10.0,1.0
1401,50.0,10,0.05,,,
1402,50.0,10,0.05,,,
1403,50.0,10,0.05,,,
1404,50.0,10,0.05,,,
1405,50.0,10,0.05,,,
1406,23.0,13,0.05,,,
1407,50.0,10,0.05,,,
1408,43.0,13,0.05,,,
1409,38.0,12,0.05,,,
1410,50.0,10,0.05,,,
1411,48.0,12,0.05,,,
1412,49.0,11,0.05,,,
1413,50.0,10,0.05,,,
1414,50.0,10,0.05,,,
1415,50.0,10,0.05,,,
1416,50.0,10,0.05,,,
1417,48.0,12,0.05,,,
1418,45.0,11,0.05,,,
1419,50.0,10,0.05,,,
1420,49.0,11,0.05,,,
1421,50.0,10,0.05,,,
1422,50.0,10,0.05,,,
1423,45.0,11,0.05,,,
1424,50.0,10,0.05,,,
1425,48.0,12,0.05,,,
1426,49.0,11,0.05,,,
1427,50.0,10,0.05,,,
1428,49.0,11,0.05,,,
1429,49.0,11,0.05,,,
1430,50.0,10,0.05,,,
1431,50.0,10,0.05,,,
1432,50.0,10,0.05,,,
1433,50.0,10,0.05,,,
1434,50.0,10,0.05,,,
1435,48.0,12,0.05,,,
1436,50.0,10,0.05,,,
1437,50.0,10,0.05,,,
1438,50.0,10,0.05,,,
1439,48.0,12,0.05,,,
1440,50.0,10,0.05,,,
1441,48.0,12,0.05,,,
1442,50.0,10,0.05,,,
1443,47.0,13,0.05,,,
1444,50.0,10,0.05,,,
1445,50.0,10,0.05,,,
1446,50.0,10,0.05,,,
1447,50.0,10,0.05,,,
1448,50.0,10,0.05,,,
1449,50.0,10,0.05,,,
1450,50.0,10,0.05,50.0,10.0,1.0
1451,50.0,10,0.05,,,
1452,50.0,10,0.05,,,
1453,50.0,10,0.05,,,
1454,50.0,10,0.05,,,
1455,50.0,10,0.05,,,
1456,50.0,10,0.05,,,
1457,50.0,10,0.05,,,
1458,48.0,12,0.05,,,
1459,49.0,11,0.05,,,
1460,48.0,12,0.05,,,
1461,49.0,11,0.05,,,
1462,50.0,10,0.05,,,
1463,36.0,14,0.05,,,
1464,50.0,10,0.05,,,
1465,50.0,10,0.05,,,
1466,50.0,10,0.05,,,
1467,50.0,10,0.05,,,
1468,50.0,10,0.05,,,
1469,50.0,10,0.05,,,
1470,50.0,10,0.05,,,
1471,50.0,10,0.05,,,
1472,49.0,11,0.05,,,
1473,50.0,10,0.05,,,
1474,50.0,10,0.05,,,
1475,50.0,10,0.05,,,
1476,50.0,10,0.05,,,
1477,50.0,10,0.05,,,
1478,40.0,10,0.05,,,
1479,50.0,10,0.05,,,
1480,48.0,12,0.05,,,
1481,50.0,10,0.05,,,
1482,50.0,10,0.05,,,
1483,49.0,11,0.05,,,
1484,50.0,10,0.05,,,
1485,50.0,10,0.05,,,
1486,50.0,10,0.05,,,
1487,50.0,10,0.05,,,
1488,45.0,11,0.05,,,
1489,50.0,10,0.05,,,
1490,34.0,16,0.05,,,
1491,48.0,12,0.05,,,
1492,50.0,10,0.05,,,
1493,50.0,10,0.05,,,
1494,50.0,10,0.05,,,
1495,50.0,10,0.05,,,
1496,50.0,10,0.05,,,
1497,50.0,10,0.05,,,
1498,50.0,10,0.05,,,
1499,50.0,10,0.05,,,
1500,50.0,10,0.05,50.0,10.0,1.0
1501,45.0,11,0.05,,,
1502,50.0,10,0.05,,,
1503,50.0,10,0.05,,,
1504,48.0,12,0.05,,,
1505,50.0,10,0.05,,,
1506,48.0,12,0.05,,,
1507,50.0,10,0.05,,,
1508,50.0,10,0.05,,,
1509,50.0,10,0.05,,,
1510,48.0,12,0.05,,,
1511,50.0,10,0.05,,,
1512,50.0,10,0.05,,,
1513,50.0,10,0.05,,,
1514,50.0,10,0.05,,,
1515,50.0,10,0.05,,,
1516,50.0,10,0.05,,,
1517,50.0,10,0.05,,,
1518,50.0,10,0.05,,,
1519,50.0,10,0.05,,,
1520,50.0,10,0.05,,,
1521,50.0,10,0.05,,,
1522,47.0,13,0.05,,,
1523,50.0,10,0.05,,,
1524,50.0,10,0.05,,,
1525,50.0,10,0.05,,,
1526,50.0,10,0.05,,,
1527,50.0,10,0.05,,,
1528,50.0,10,0.05,,,
1529,49.0,11,0.05,,,
1530,48.0,12,0.05,,,
1531,50.0,10,0.05,,,
1532,45.0,11,0.05,,,
1533,50.0,10,0.05,,,
1534,50.0,10,0.05,,,
1535,33.0,13,0.05,,,
1536,50.0,10,0.05,,,
1537,49.0,11,0.05,,,
1538,49.0,11,0.05,,,
1539,50.0,10,0.05,,,
1540,50.0,10,0.05,,,
1541,49.0,11,0.05,,,
1542,50.0,10,0.05,,,
1543,48.0,12,0.05,,,
1544,50.0,10,0.05,,,
1545,45.0,11,0.05,,,
1546,45.0,11,0.05,,,
1547,50.0,10,0.05,,,
1548,50.0,10,0.05,,,
1549,38.0,12,0.05,,,
1550,50.0,10,0.05,50.0,10.0,1.0
1551,50.0,10,0.05,,,
1552,47.0,13,0.05,,,
1553,50.0,10,0.05,,,
1554,48.0,12,0.05,,,
1555,50.0,10,0.05,,,
1556,50.0,10,0.05,,,
1557,45.0,11,0.05,,,
1558,40.0,12,0.05,,,
1559,45.0,11,0.05,,,
1560,50.0,10,0.05,,,
1561,50.0,10,0.05,,,
1562,50.0,10,0.05,,,
1563,50.0,10,0.05,,,
1564,50.0,10,0.05,,,
1565,50.0,10,0.05,,,
1566,50.0,10,0.05,,,
1567,50.0,10,0.05,,,
1568,50.0,10,0.05,,,
1569,50.0,10,0.05,,,
1570,50.0,10,0.05,,,
1571,50.0,10,0.05,,,
1572,47.0,13,0.05,,,
1573,47.0,13,0.05,,,
1574,50.0,10,0.05,,,
1575,50.0,10,0.05,,,
1576,48.0,12,0.05,,,
1577,50.0,10,0.05,,,
1578,50.0,10,0.05,,,
1579,49.0,11,0.05,,,
1580,50.0,10,0.05,,,
1581,50.0,10,0.05,,,
1582,50.0,10,0.05,,,
1583,50.0,10,0.05,,,
1584,47.0,13,0.05,,,
1585,45.0,11,0.05,,,
1586,50.0,10,0.05,,,
1587,50.0,10,0.05,,,
1588,48.0,12,0.05,,,
1589,50.0,10,0.05,,,
1590,50.0,10,0.05,,,
1591,50.0,10,0.05,,,
1592,50.0,10,0.05,,,
1593,50.0,10,0.05,,,
1594,43.0,13,0.05,,,
1595,50.0,10,0.05,,,
1596,50.0,10,0.05,,,
1597,50.0,10,0.05,,,
1598,48.0,12,0.05,,,
1599,50.0,10,0.05,,,
1600,49.0,10,0.05,50.0,10.0,1.0
1601,50.0,10,0.05,,,
1602,45.0,11,0.05,,,
1603,48.0,12,0.05,,,
1604,50.0,10,0.05,,,
1605,50.0,10,0.05,,,
1606,48.0,12,0.05,,,
1607,50.0,10,0.05,,,
1608,50.0,10,0.05,,,
1609,50.0,10,0.05,,,
1610,48.0,12,0.05,,,
1611,45.0,11,0.05,,,
1612,50.0,10,0.05,,,
1613,50.0,10,0.05,,,
1614,50.0,10,0.05,,,
1615,50.0,10,0.05,,,
1616,50.0,10,0.05,,,
1617,50.0,10,0.05,,,
1618,50.0,10,0.05,,,
1619,50.0,10,0.05,,,
1620,50.0,10,0.05,,,
1621,50.0,10,0.05,,,
1622,50.0,10,0.05,,,
1623,45.0,11,0.05,,,
1624,48.0,12,0.05,,,
1625,50.0,10,0.05,,,
1626,50.0,10,0.05,,,
1627,50.0,10,0.05,,,
1628,48.0,12,0.05,,,
1629,45.0,11,0.05,,,
1630,47.0,13,0.05,,,
1631,49.0,11,0.05,,,
1632,27.0,13,0.05,,,
1633,49.0,11,0.05,,,
1634,48.0,12,0.05,,,
1635,50.0,10,0.05,,,
1636,44.0,12,0.05,,,
1637,50.0,10,0.05,,,
1638,50.0,10,0.05,,,
1639,50.0,10,0.05,,,
1640,48.0,12,0.05,,,
1641,50.0,10,0.05,,,
1642,50.0,10,0.05,,,
1643,50.0,10,0.05,,,
1644,50.0,10,0.05,,,
1645,50.0,10,0.05,,,
1646,50.0,10,0.05,,,
1647,50.0,10,0.05,,,
1648,45.0,11,0.05,,,
1649,50.0,10,0.05,,,
1650,50.0,10,0.05,50.0,10.0,1.0
1651,50.0,10,0.05,,,
1652,50.0,10,0.05,,,
1653,48.0,12,0.05,,,
1654,50.0,10,0.05,,,
1655,50.0,10,0.05,,,
1656,50.0,10,0.05,,,
1657,50.0,10,0.05,,,
1658,50.0,10,0.05,,,
1659,50.0,10,0.05,,,
1660,50.0,10,0.05,,,
1661,50.0,10,0.05,,,
1662,50.0,10,0.05,,,
1663,50.0,10,0.05,,,
1664,50.0,10,0.05,,,
1665,50.0,10,0.05,,,
1666,50.0,10,0.05,,,
1667,46.0,14,0.05,,,
1668,50.0,10,0.05,,,
1669,40.0,12,0.05,,,
1670,50.0,10,0.05,,,
1671,50.0,10,0.05,,,
1672,50.0,10,0.05,,,
1673,50.0,10,0.05,,,
1674,50.0,10,0.05,,,
1675,50.0,10,0.05,,,
1676,50.0,10,0.05,,,
1677,50.0,10,0.05,,,
1678,50.0,10,0.05,,,
1679,50.0,10,0.05,,,
1680,50.0,10,0.05,,,
1681,50.0,10,0.05,,,
1682,50.0,10,0.05,,,
1683,50.0,10,0.05,,,
1684,50.0,10,0.05,,,
1685,50.0,10,0.05,,,
1686,50.0,10,0.05,,,
1687,50.0,10,0.05,,,
1688,50.0,10,0.05,,,
1689,50.0,10,0.05,,,
1690,49.0,11,0.05,,,
1691,50.0,10,0.05,,,
1692,45.0,11,0.05,,,
1693,48.0,12,0.05,,,
1694,50.0,10,0.05,,,
1695,49.0,11,0.05,,,
1696,50.0,10,0.05,,,
1697,50.0,10,0.05,,,
1698,40.0,10,0.05,,,
1699,50.0,10,0.05,,,
1700,50.0,10,0.05,50.0,10.0,1.0
1701,47.0,13,0.05,,,
1702,50.0,10,0.05,,,
1703,48.0,12,0.05,,,
1704,50.0,10,0.05,,,
1705,50.0,10,0.05,,,
1706,50.0,10,0.05,,,
1707,41.0,15,0.05,,,
1708,50.0,10,0.05,,,
1709,50.0,10,0.05,,,
1710,50.0,10,0.05,,,
1711,50.0,10,0.05,,,
1712,50.0,10,0.05,,,
1713,48.0,12,0.05,,,
1714,45.0,11,0.05,,,
1715,50.0,10,0.05,,,
1716,50.0,10,0.05,,,
1717,50.0,10,0.05,,,
1718,50.0,10,0.05,,,
1719,50.0,10,0.05,,,
1720,48.0,12,0.05,,,
1721,48.0,12,0.05,,,
1722,50.0,10,0.05,,,
1723,46.0,14,0.05,,,
1724,50.0,10,0.05,,,
1725,50.0,10,0.05,,,
1726,50.0,10,0.05,,,
1727,50.0,10,0.05,,,
1728,50.0,10,0.05,,,
1729,50.0,10,0.05,,,
1730,48.0,12,0.05,,,
1731,37.0,13,0.05,,,
1732,50.0,10,0.05,,,
1733,38.0,12,0.05,,,
1734,50.0,10,0.05,,,
1735,48.0,12,0.05,,,
1736,50.0,10,0.05,,,
1737,50.0,10,0.05,,,
1738,50.0,10,0.05,,,
1739,49.0,11,0.05,,,
1740,48.0,12,0.05,,,
1741,50.0,10,0.05,,,
1742,50.0,10,0.05,,,
1743,50.0,10,0.05,,,
1744,50.0,10,0.05,,,
1745,50.0,10,0.05,,,
1746,50.0,10,0.05,,,
1747,50.0,10,0.05,,,
1748,50.0,10,0.05,,,
1749,46.0,14,0.05,,,
1750,50.0,10,0.05,50.0,10.0,1.0
1751,50.0,10,0.05,,,
1752,48.0,12,0.05,,,
1753,50.0,10,0.05,,,
1754,50.0,10,0.05,,,
1755,50.0,10,0.05,,,
1756,50.0,10,0.05,,,
1757,50.0,10,0.05,,,
1758,50.0,10,0.05,,,
1759,50.0,10,0.05,,,
1760,41.0,15,0.05,,,
1761,49.0,11,0.05,,,
1762,50.0,10,0.05,,,
1763,50.0,10,0.05,,,
1764,50.0,10,0.05,,,
1765,50.0,10,0.05,,,
1766,47.0,13,0.05,,,
1767,48.0,12,0.05,,,
1768,50.0,10,0.05,,,
1769,50.0,10,0.05,,,
1770,50.0,10,0.05,,,
1771,48.0,12,0.05,,,
1772,47.0,13,0.05,,,
1773,50.0,10,0.05,,,
1774,50.0,10,0.05,,,
1775,50.0,10,0.05,,,
1776,50.0,10,0.05,,,
1777,50.0,10,0.05,,,
1778,50.0,10,0.05,,,
1779,50.0,10,0.05,,,
1780,50.0,10,0.05,,,
1781,50.0,10,0.05,,,
1782,50.0,10,0.05,,,
1783,38.0,12,0.05,,,
1784,50.0,10,0.05,,,
1785,49.0,11,0.05,,,
1786,50.0,10,0.05,,,
1787,50.0,10,0.05,,,
1788,49.0,11,0.05,,,
1789,50.0,10,0.05,,,
1790,50.0,10,0.05,,,
1791,50.0,10,0.05,,,
1792,50.0,10,0.05,,,
1793,50.0,10,0.05,,,
1794,50.0,10,0.05,,,
1795,50.0,10,0.05,,,
1796,46.0,14,0.05,,,
1797,50.0,10,0.05,,,
1798,48.0,12,0.05,,,
1799,50.0,10,0.05,,,
1800,50.0,10,0.05,50.0,10.0,1.0
1801,50.0,10,0.05,,,
1802,50.0,10,0.05,,,
1803,50.0,10,0.05,,,
1804,50.0,10,0.05,,,
1805,48.0,12,0.05,,,
1806,50.0,10,0.05,,,
1807,46.0,14,0.05,,,
1808,50.0,10,0.05,,,
1809,49.0,11,0.05,,,
1810,50.0,10,0.05,,,
1811,50.0,10,0.05,,,
1812,50.0,10,0.05,,,
1813,50.0,10,0.05,,,
1814,49.0,11,0.05,,,
1815,50.0,10,0.05,,,
1816,48.0,12,0.05,,,
1817,45.0,11,0.05,,,
1818,50.0,10,0.05,,,
1819,50.0,10,0.05,,,
1820,50.0,10,0.05,,,
1821,49.0,11,0.05,,,
1822,47.0,13,0.05,,,
1823,49.0,11,0.05,,,
1824,50.0,10,0.05,,,
1825,50.0,10,0.05,,,
1826,48.0,12,0.05,,,
1827,50.0,10,0.05,,,
1828,50.0,10,0.05,,,
1829,45.0,11,0.05,,,
1830,50.0,10,0.05,,,
1831,50.0,10,0.05,,,
1832,50.0,10,0.05,,,
1833,50.0,10,0.05,,,
1834,48.0,12,0.05,,,
1835,44.0,12,0.05,,,
1836,50.0,10,0.05,,,
1837,50.0,10,0.05,,,
1838,50.0,10,0.05,,,
1839,50.0,10,0.05,,,
1840,48.0,12,0.05,,,
1841,50.0,10,0.05,,,
1842,45.0,11,0.05,,,
1843,49.0,11,0.05,,,
1844,48.0,12,0.05,,,
1845,50.0,10,0.05,,,
1846,49.0,11,0.05,,,
1847,50.0,10,0.05,,,
1848,50.0,10,0.05,,,
1849,50.0,10,0.05,,,
1850,50.0,10,0.05,50.0,10.0,1.0
1851,50.0,10,0.05,,,
1852,50.0,10,0.05,,,
1853,50.0,10,0.05,,,
1854,45.0,15,0.05,,,
1855,45.0,11,0.05,,,
1856,50.0,10,0.05,,,
1857,49.0,11,0.05,,,
1858,45.0,11,0.05,,,
1859,50.0,10,0.05,,,
1860,50.0,10,0.05,,,
1861,50.0,10,0.05,,,
1862,50.0,10,0.05,,,
1863,45.0,11,0.05,,,
1864,50.0,10,0.05,,,
1865,48.0,12,0.05,,,
1866,50.0,10,0.05,,,
1867,50.0,10,0.05,,,
1868,50.0,10,0.05,,,
1869,42.0,14,0.05,,,
1870,48.0,12,0.05,,,
1871,50.0,10,0.05,,,
1872,50.0,10,0.05,,,
1873,50.0,10,0.05,,,
1874,49.0,11,0.05,,,
1875,46.0,14,0.05,,,
1876,48.0,12,0.05,,,
1877,50.0,10,0.05,,,
1878,50.0,10,0.05,,,
1879,47.0,13,0.05,,,
1880,50.0,10,0.05,,,
1881,48.0,12,0.05,,,
1882,50.0,10,0.05,,,
1883,45.0,11,0.05,,,
1884,50.0,10,0.05,,,
1885,49.0,11,0.05,,,
1886,50.0,10,0.05,,,
1887,50.0,10,0.05,,,
1888,50.0,10,0.05,,,
1889,44.0,16,0.05,,,
1890,48.0,12,0.05,,,
1891,50.0,10,0.05,,,
1892,50.0,10,0.05,,,
1893,50.0,10,0.05,,,
1894,49.0,11,0.05,,,
1895,50.0,10,0.05,,,
1896,50.0,10,0.05,,,
1897,49.0,11,0.05,,,
1898,50.0,10,0.05,,,
1899,49.0,11,0.05,,,
1900,50.0,10,0.05,50.0,10.0,1.0
1901,50.0,10,0.05,,,
1902,50.0,10,0.05,,,
1903,48.0,12,0.05,,,
1904,48.0,12,0.05,,,
1905,50.0,10,0.05,,,
1906,50.0,10,0.05,,,
1907,50.0,10,0.05,,,
1908,50.0,10,0.05,,,
1909,50.0,10,0.05,,,
1910,50.0,10,0.05,,,
1911,50.0,10,0.05,,,
1912,50.0,10,0.05,,,
1913,50.0,10,0.05,,,
1914,50.0,10,0.05,,,
1915,49.0,11,0.05,,,
1916,50.0,10,0.05,,,
1917,50.0,10,0.05,,,
1918,44.0,16,0.05,,,
1919,50.0,10,0.05,,,
1920,50.0,10,0.05,,,
1921,50.0,10,0.05,,,
1922,50.0,10,0.05,,,
1923,50.0,10,0.05,,,
1924,50.0,10,0.05,,,
1925,50.0,10,0.05,,,
1926,49.0,11,0.05,,,
1927,50.0,10,0.05,,,
1928,50.0,10,0.05,,,
1929,43.0,13,0.05,,,
1930,50.0,10,0.05,,,
1931,50.0,10,0.05,,,
1932,48.0,12,0.05,,,
1933,50.0,10,0.05,,,
1934,50.0,10,0.05,,,
1935,50.0,10,0.05,,,
1936,50.0,10,0.05,,,
1937,50.0,10,0.05,,,
1938,50.0,10,0.05,,,
1939,45.0,11,0.05,,,
1940,49.0,11,0.05,,,
1941,50.0,10,0.05,,,
1942,50.0,10,0.05,,,
1943,48.0,12,0.05,,,
1944,50.0,10,0.05,,,
1945,50.0,10,0.05,,,
1946,47.0,13,0.05,,,
1947,50.0,10,0.05,,,
1948,48.0,12,0.05,,,
1949,50.0,10,0.05,,,
1950,48.0,10,0.05,50.0,10.0,1.0
1951,50.0,10,0.05,,,
1952,50.0,10,0.05,,,
1953,49.0,11,0.05,,,
1954,50.0,10,0.05,,,
1955,50.0,10,0.05,,,
1956,48.0,12,0.05,,,
1957,50.0,10,0.05,,,
1958,43.0,13,0.05,,,
1959,50.0,10,0.05,,,
1960,50.0,10,0.05,,,
1961,48.0,12,0.05,,,
1962,50.0,10,0.05,,,
1963,50.0,10,0.05,,,
1964,50.0,10,0.05,,,
1965,50.0,10,0.05,,,
1966,50.0,10,0.05,,,
1967,45.0,11,0.05,,,
1968,46.0,14,0.05,,,
1969,50.0,10,0.05,,,
1970,45.0,11,0.05,,,
1971,44.0,12,0.05,,,
1972,50.0,10,0.05,,,
1973,50.0,10,0.05,,,
1974,50.0,10,0.05,,,
1975,40.0,10,0.05,,,
1976,50.0,10,0.05,,,
1977,50.0,10,0.05,,,
1978,50.0,10,0.05,,,
1979,50.0,10,0.05,,,
1980,50.0,10,0.05,,,
1981,50.0,10,0.05,,,
1982,50.0,10,0.05,,,
1983,50.0,10,0.05,,,
1984,50.0,10,0.05,,,
1985,50.0,10,0.05,,,
1986,50.0,10,0.05,,,
1987,48.0,12,0.05,,,
1988,49.0,11,0.05,,,
1989,50.0,10,0.05,,,
1990,48.0,12,0.05,,,
1991,50.0,10,0.05,,,
1992,50.0,10,0.05,,,
1993,50.0,10,0.05,,,
1994,50.0,10,0.05,,,
1995,48.0,12,0.05,,,
1996,50.0,10,0.05,,,
1997,50.0,10,0.05,,,
1998,48.0,12,0.05,,,
1999,50.0,10,0.05,,,
2000,50.0,10,0.05,50.0,10.0,1.0
